id,user_id,created_at,text
1066193963265085440,cessphoebe,2018-11-24 04:57:04,Begitu gajian rasanya pengen nonton fantastic beast-suzanna-wreck it ralph langsung sehari :')
1066039906655338496,aulazack,2018-11-23 18:44:54,"Saran film yg seru? Model"" fantastic beast kalo bisa"
1066000870058278912,setchan89,2018-11-23 16:09:47,Abis nonton fantastic beast trus PAAN SIH INI
1065991814400770051,niekoap,2018-11-23 15:33:48,Habis nonton fantastic beast. Terus langsung open discussion dibahas sampe malem. Ngalahin diskusi KPKU ni ğŸ¤”
1065989076019376128,gebifelina,2018-11-23 15:22:55,"Baru sempet nonton fantastic beast. Satu pikiran gua daritadi "" ini rasa penasaran gua harus terjawab berapa taun lagi?ğŸ˜­"""
1065986839171878912,annisa_rianti,2018-11-23 15:14:02,Fix pemeran Fantastic Beast udah dipantau sejak lama sama tim. Callum Turner pernah main sama Daniel Radcliffe.
1065984642497441793,shittymuc,2018-11-23 15:05:18,Fantastic Beast 2 didn't look so fantastic like the 1st one. But still loved Eddie â¤ï¸ #fridaynightmovie
1065970037813432321,abrarkadabra,2018-11-23 14:07:16,Ralph breaks the internet &gt;&gt;&gt;&gt;&gt;&gt;&gt;&gt; Fantastic Beast : Rise of the silver surfer
1065969011962216450,ineedspacexx,2018-11-23 14:03:11,setelah nonton fantastic beast saya penasaran nanti kelanjutannya gimana.. nunggu bertahun tahun lg :(
1065946976129212416,AristaRiris1,2018-11-23 12:35:38,"Ralph udh main hari ini, belum nonton Fantastic beast.. belum nonton Yg lain lain lain :((( ğŸ˜£"
1065943927771942914,annisa_rianti,2018-11-23 12:23:31,"Baru nonton Fantastic Beast. Cerita tetap sama, tapi gue pribadi ngerasa lebih puas liat yg skrg karena nonton di XXI bukan CGV"
1065937940738584577,faixkar,2018-11-23 11:59:43,Semoga hari Senin masih ada Fantastic Beast di IMAX 3D ğŸ˜¥
1065900587873521664,agngbdmn,2018-11-23 09:31:18,"trailer the lion king cu bet, eh fantastic beast belum ;,("
1065850909043830785,alynurrahmann,2018-11-23 06:13:53,&lt;~~ sepanjang nonton fantastic beast masuk angin. Setengah mampus nahan sendawa dan kentut.
1065646703540264961,__geger,2018-11-22 16:42:27,"Setelah nonton Fantastic Beast 2, gw sangat yakin klo Grindelwald itu sarjana komunikasi"
1065624160527802368,hello_naa,2018-11-22 15:12:52,Beloooom nontoooon fantastic beast..... knp premiere nya di tanggal2 keramat.
1065608604294631424,Tiffanyalvz,2018-11-22 14:11:03,Sumpah w nntn fantastic beast ga ngerti jalan ceritanya wkwkwk. Maaf ya
1065608470307565568,luthfirama_,2018-11-22 14:10:32,Fantastic beast kali ini cukup mengecewakan krn cerita yang kurang dikembangkan. Semua ini adalah opini pirbadi dan hasil menonton
1065604105073115136,gerrykusuma13,2018-11-22 13:53:11,"#spoileralert Fantastic beast 2 sekilas jalan ceritanya seperti drama sinetron indosiar, ""putra yang tertukar"""
1065573998048595968,kalamfthr,2018-11-22 11:53:33,"fantastic beast, bohemian, terus ada lagi robin hood. kasian dong dompet saya lama lamağŸ™ƒğŸ™ƒğŸ™ƒ"
1065543120530497536,ineedspacexx,2018-11-22 09:50:51,akhirnya udah nonton fantastic beast ğŸ˜†
1065506565652803584,tdprima,2018-11-22 07:25:36,"Nonton bioskop sendiri itu hal yg wajar ga sih, pgen nonton fantastic beast tapi ya gitu ga ada temen yg paham ama filmnya. ğŸ˜¥"
1065505045259550720,annisa_rianti,2018-11-22 07:19:33,Fix kayanya sekumpulan cast Fantastic Beast (yg cowok) lagi be usaha mengembalikan nama baik Johnny Depp
1065453635742515201,farhanalv,2018-11-22 03:55:16,Sebelum saka agari enaknya suzana apa fantastic beast ya
1065431275564019712,florenciasendy,2018-11-22 02:26:25,Efek fantastic beast jadi nonton ulang harry potter sedari awal~
1065321364679155712,3d4c26b763cc88f,2018-11-21 19:09:40,rewatched Fantastic Beast and Tina still stunning
1065304690101895168,Maria_Toyet,2018-11-21 18:03:25,Penggemar Harry Potter psti gemes bgt sama Fantastic Beast :The Crime of Grindelwarld ğŸ¤—
1065301251175272448,Paansihu,2018-11-21 17:49:45,"2jam nonton fantastic beast. Keluar2 melongo ""Kita nonton apaan sih?"""
1065290788110663680,_tiabcd,2018-11-21 17:08:10,Jalan cerita Fantastic Beast yg kedua ini macam k-drama genre makjang.. ğŸ˜‚
1065282696119672832,gitanp_,2018-11-21 16:36:01,Fantastic beast tidak yah...
1065263203544793089,meivianaency,2018-11-21 15:18:34,"Cuy 
Fantastic Beast Crime of Grindelwald bikin mikir subhanallah, aku sakit mental"
1065246214742929410,inisihfree,2018-11-21 14:11:03,FANTASTIC BEAST KEREN BANGET GILSSS
1065231440214843396,nchiehanie1,2018-11-21 13:12:21,"Enaknya malam2  gini sepulang kerja bikin suki sendiri sambil dengerin anak cerita  Film Fantastic Beast 2, 

#PesonaJAFFFilmFest"
1065205268173086720,fajaraufar,2018-11-21 11:28:21,"Gantung bgst ğŸ˜­
Ini Fantastic Beast bukan serial netflix kan yak?"
1065198056700669953,khrisnaBK,2018-11-21 10:59:41,Suka sm karakter Newt di Fantastic Beast karena dia penyayang hewan
1065086719060402178,niahae30,2018-11-21 03:37:16,Kemarin gagal ntn fantastic beast hehe ğŸ˜‚ğŸ˜‚ğŸ˜‚
1065052933060882432,Grumpy_Kitttens,2018-11-21 01:23:01,"Fantastic Beast 2 was beautifully made movie, most of the characters were great, but Story/plot ğŸš®"
1065049142068621312,andanifd,2018-11-21 01:07:57,"nagini looks so pretty and sweet in fantastic beast, just how did she ends up with voldemort"
1064962636259909637,pikopikoe,2018-11-20 19:24:13,/casually dodging myself for every spoiler-alike of fantastic beast bcs I haven't watched it yet/
1064945519493935104,EdwinPahlevi,2018-11-20 18:16:12,"Pengalaman saya setelah menontonton fantastic beast seperti judul lagu bcl, kecewa."
1064940144824737792,oppaandmoney,2018-11-20 17:54:50,Yaudah gabut mau cerita pas nonton fantastic beast aja yang tiketnya antri dimana mana heuheu
1064920932165156864,gstkhrsm,2018-11-20 16:38:30,"OE I DON'T CARE ABOUT THE RATINGS AND SHIT, TO FANTASTIC BEAST 2 KEREN JIR."
1064917922559156224,ediedires,2018-11-20 16:26:32,Fantastic beast boljug nih
1064910234022342656,ngurahsaka,2018-11-20 15:55:59,Aku belum nnton fantastic beast
1064909136016506880,mamatrizky,2018-11-20 15:51:37,Tinggal suzanna dan fantastic beast yg blm gw tonton zzzz
1064888643238522882,DhestHaha,2018-11-20 14:30:11,Kumau diajakin nnton Fantastic Beast :(
1064888156955254785,amirasf14,2018-11-20 14:28:15,"Selama nonton Fantastic Beast, aku tersepona dengan aktingnya my luvly Johnny Depp."
1064880138414768128,gaskafedi,2018-11-20 13:56:24,Yang mau nonton Fantastic Beast mending minta abangnya cepetin di scene-scene yang ada Nagini aja. Sisanya minim faedah
1064878781112844288,fyeahchmin,2018-11-20 13:51:00,I wanna watch Fantastic Beast; The Crime of Grindelwald agaaiiinnnn.
1064878771956674562,jbeoming,2018-11-20 13:50:58,"Just watched fantastic beast today, and iM SO HAPPY BCS FINALLY MET MY SON, CREDENCE AFTER 2 YEARS TIRED OF WAITING."
1064876410282565633,sipietz,2018-11-20 13:41:35,Baru ngeh.. Ezra Miller itu the flash di justice league.. Yg jadi credence di fantastic beast..
1064871609796710400,EsterEnjelita16,2018-11-20 13:22:30,Nonton fantastic beast yang ke 3 kali nya. Kenapa selalu mau nonton ya :((((
1064857196385599488,fathikhairina,2018-11-20 12:25:14,Sebel bgt nntn fantastic beast mbak2 disamping ngomul dr awal ampe akhir. Bilang filmnya gajelas. Yg ga jls tu lu mbak blegug maneh
1064832602052251649,jaehyunjunhui,2018-11-20 10:47:30,Asique besok kelas ditiadakan apa w nonton fantastic beast aja ya besok umMMMmmmM
1064832130339885056,Heyputrii,2018-11-20 10:45:38,"Wanna see if Newt and Harry meet each other. Hm Harry Potter and the Fantastic Beast Reunion
*Not bad*ğŸ¦ğŸ¦”ğŸğŸ¦…ğŸ¦‰ğŸ‘¨â€ğŸ«"
1064806856923574273,ariqyraihan,2018-11-20 09:05:12,Fantastic Beast 2 has 8 stars from me.
1064804505076682754,Evermore_melody,2018-11-20 08:55:51,btw aku kemaren nonton fantastic beast
1064800579636015104,meliwiii,2018-11-20 08:40:15,"Fantastic Beast: The Crimes of Grindelwald dalam 1 kalimat: 

Ezra Miller mencari jati diri."
1064796098869350401,meliwiii,2018-11-20 08:22:27,Fantastic Beast: The Crimes of Grindelwald in IMAX 3D is a wholesome and amazing experience ğŸ‘ğŸ»ğŸ‘ğŸ»ğŸ‘ğŸ»ğŸ‘ğŸ»
1064795216002002944,qieta,2018-11-20 08:18:57,7.2351 utk fantastic beast 2. Nggak gitu mudeng. ğŸ™Š
1064794802900758528,lelakikardusss,2018-11-20 08:17:18,Hambok ayo nonton fantastic beast ğŸ˜ª
1064790006588354560,NisaPrilia,2018-11-20 07:58:15,"Pada ngajakin nonton fantastic beast 2, tapi gue belum nonton yang pertamanya ğŸ˜­"
1064768201458778113,IbnAlam,2018-11-20 06:31:36,Fantastic beast seru ga ya?
1064765510909214721,legacy99,2018-11-20 06:20:54,"Huh, seems like Fantastic Beast 2 movie isn't doing so well. That's interesting, I wonder why."
1064754771599323136,kdwiw,2018-11-20 05:38:14,Robin hood dah keluar. Fantastic beast aja rada mager padahal dah nunggu dari awal tahun.
1064747380451434496,cabbyjoey,2018-11-20 05:08:52,Fantastic Beast: Crimes of the Grindr World.
1064743899892146176,mingcu88,2018-11-20 04:55:02,Fantastic beast... The crimes of grindelwald... Cool... Cgv nya kerennnn
1064742477607759872,fitriatriana_,2018-11-20 04:49:23,Apakah fantastic beast beneran setidak masuk akal itu timelinenya?? .-.
1064733640028938240,superrrhore,2018-11-20 04:14:16,"Ada suzzana dan fantastic beast, pilihan yg menarik."
1064731210163736576,komangdamagt,2018-11-20 04:04:36,Benciii banget fantastic beast 2 gantung ğŸ™‚
1064720059497512960,latchifa,2018-11-20 03:20:18,sisa uang tinggal 100rb sampe hari jumat. tapi ingin nonton fantastic beast. tapi maunya di cinemaxx. :((
1064716736383991808,ardiananton,2018-11-20 03:07:06,"Nonton FANTASTIC BEAST yukkk

#Tangerang"
1064707208124948480,hilmanmrch,2018-11-20 02:29:14,"Fantastic beast, yuk"
1064704088284192768,dadangpml,2018-11-20 02:16:50,Nonton FANTASTIC BEAST yukkk...... #Tangerang
1064685498411544578,never_mind193,2018-11-20 01:02:58,I love fantastic beast ğŸ˜‚ğŸ˜‚ğŸ˜‚
1064684291995533312,osmondiet,2018-11-20 00:58:10,"*baru nonton Fantastic Beast 2 beberapa hari lalu

Tapi masih kepikiran...
Apalagi ngeliat Albus Dumbledore.."
1064677728429850625,bungbed,2018-11-20 00:32:05,weekend wajib movie marathon A man called ahok - Fantastic beast - Suzanna
1064675535341543424,RereBS,2018-11-20 00:23:22,"menonton fantastic beast, ft. mba mba bau keteg disebelah q.

mks loh mba, aga gak konsen sy."
1064668677751037953,azfiz,2018-11-19 23:56:08,"Setelah menonton 2 film Fantastic Beast, aku merasa perbedaannya dengan Harry Potter adalah, film tersebut bukan ditujukan untuk anak-anak."
1064602502232891392,Aggungsay,2018-11-19 19:33:10,bukan binatang biasa = fantastic beast
1064584943613833217,kevinsantioso_,2018-11-19 18:23:24,Kecewa dengan fantastic beast. Ekspektasiku dipatahkan begitu saja. Padahal universenya udah menyenangkan banget.
1064584338719703040,amindayoka,2018-11-19 18:21:00,mending nonton fantastic beast deh ğŸ’ƒ
1064577516701016064,meiisme,2018-11-19 17:53:53,Ngantuk tapi masih nyisa euforia habis nonton Fantastic Beast.
1064572995589402624,everytimeblue,2018-11-19 17:35:55,fantastic beast was fckin awesome and i must wait for the 3rd :(
1064572139058032640,muthiaintansari,2018-11-19 17:32:31,Fantastic beast :((
1064558507700084737,cintamitata,2018-11-19 16:38:21,"Nyari link buat streaming film fantastic beast , nemu tapi kwalitasnya masih CAM .. iyalah orang filmnya aja masih naik layar ğŸ˜‘"
1064556593973317632,EdoZack,2018-11-19 16:30:45,Kuingin ntn fantastic beast :(
1064554603197300737,novarowisnu,2018-11-19 16:22:50,setengah sadar nonton fantastic beast
1064552225731620864,slippedtwotimes,2018-11-19 16:13:23,Yah alamat nongton fantastic beast nunggu di indoxxi
1064548190022656002,AnnsRzky,2018-11-19 15:57:21,Ku kalo di bayarin nntn fantastic beast lg jg mao wkwkw
1064543246913662977,rifqiabdillah_,2018-11-19 15:37:42,"Fantastic beast, is not that bad imo ğŸ¤” said a potterhead, you might say ğŸ™‚"
1064535098702225408,pipitberliani,2018-11-19 15:05:20,"Jadi intinya fantastic beast yang skrg kita harus ntn lanjutannya entar 
Gemezzz njirrr rrrrrr"
1064534431342374913,giansmashanafie,2018-11-19 15:02:41,"Selesai nnton fantastic beast ke 2, jadi kangen nnton yg pertama."
1064522514309644288,hoonwink29,2018-11-19 14:15:19,Baru selesai nntn Fantastic Beast yg ke 2 dan gue ga ngerti ceritanya tentang apa mweehehehheheeh
1064517701735874560,new_dwiva,2018-11-19 13:56:12,Kappa di Fantastic Beast super serem sih :(
1064511802749280257,AnnsRzky,2018-11-19 13:32:46,Fantastic beast keren abis mo nangisssğŸ˜­ğŸ˜­ğŸ˜­
1064510740332072960,mas_sugi,2018-11-19 13:28:32,Fantastic Beast and I don't wanna give a f*ck.
1064509453788110850,ardewh25,2018-11-19 13:23:26,Fantastic beast itu bisa bngt bikin aku penasaran
1064509383797657601,nxdtj,2018-11-19 13:23:09,"Just finished watching Fantastic Beast Crimes of Grindelwald, so here is a commentary thread! #fantasticbeast"
1064508457707917312,ndidinindi,2018-11-19 13:19:28,Fantastic Beast itu RAAAAMEEEEEE!!!!!!! AKUUU SYUKAAAAAAAAAAAA
1064499892515594242,CheristaD,2018-11-19 12:45:26,abis nonton fantastic beast be like: i need to re-watch all of the harry potter movies
1064490668087631872,iookkk,2018-11-19 12:08:47,temenin nonton fantastic beast yuuu ~
1064486734568730624,fauzanalwilub,2018-11-19 11:53:09,"Terus abis Fantastic beast rilis mau ngapain lagi ini? HAHAHAHAH 

X-Men Dark Phoenix kali ya hemmmm"
1064483332665225216,dipnie,2018-11-19 11:39:38,"di hidup gue semua serba gak tuntas... 
seperti: thesis gue, paper gue, fantastic beast: the crimes of grindelwALD"
1064483328005332992,chubbyuto,2018-11-19 11:39:37,ekspektasi saya terlalu tinggi. sakit jatuhnya pas film kelar. hestek fantastic beast
1064473531281338370,gishadia,2018-11-19 11:00:41,"Mom after watching fantastic beast: ""jadi eta teh anak saha"" // ""jadi dia tuh anak siapa"""
1064463741637472256,aleeey_a,2018-11-19 10:21:47,I have so many questions about Fantastic Beast: The Crime of Grindelwald.....
1064462064565936130,Tiadiajeng,2018-11-19 10:15:07,"Holiday tomorrow, so let's watch Fantastic Beast!!"
1064461687124746242,dimasoky,2018-11-19 10:13:37,fantastic beast apa suzanna yaahh hmmm
1064449154670153728,aulianramalia,2018-11-19 09:23:49,"Eh i mean the crimes of grindelward,  same thing sih fantastic beast 2 pokoknya! It was GOOD!"
1064441140714201088,giinaulfah,2018-11-19 08:51:58,Abis nonton fantastic beast liat zouwu berasa liat si gupiw.
1064437580773486592,anggitaLw,2018-11-19 08:37:50,After watching Fantastic Beast : The Crime of Grindelwalds jd gak sabar nunggu yg ketiga ...
1064437097782636544,NeldyaW,2018-11-19 08:35:55,"Watch ""fantastic beast and where to find them """
1064429940429402112,YasminDesvi,2018-11-19 08:07:28,Really enjoy watching Bohemian Rhapsody and Fantastic Beast 2ğŸ‘ğŸ‘ğŸ‘ğŸ‘ğŸ‘
1064409153009930240,alcxhlf,2018-11-19 06:44:52,dom jaksel/dpk nonton suzzana / fantastic beast yuk? bosen asli gabut.
1064398661839286272,dhivarukha,2018-11-19 06:03:11,"tiket dijual 20rb aja jam 17.45 film fantastic beast.
di depok XXI.
siapapun ritwitnya"
1064391125497143296,fragilebuster,2018-11-19 05:33:14,Fix nnton fantastic beast dewe wani perih
1064380268788600832,FarizRegisa,2018-11-19 04:50:05,"nonton fantastic beast, scene nagini keluar, ""she comes from indonesia!"" sestudio ""wisss!"", yaelah orang indo, murah banget"
1064380169555562496,JaciDeeBlacks,2018-11-19 04:49:42,I hope Paul Wesley will be cast as a Wizard at Fantastic Beast
1064376056734314497,fivestarsforme,2018-11-19 04:33:21,"After fantastic beast 2, I see dumbledore differently now."
1064361865797484544,ridwanpeot,2018-11-19 03:36:58,"Fantastic beast 2 
Eweuh duit eweuh batur
2 problematika nu matak ujung2na lalajo di indoxxi"
1064349613438656513,sarahraisah,2018-11-19 02:48:17,Belum nonton Fantastic Beast 2 hikshiks.
1064347997620776960,puputputreey,2018-11-19 02:41:51,Sampe kantor ibu manajer lagi bahas Fantastic Beast
1064308826130722816,nnkadal,2018-11-19 00:06:12,Kemaren nonton fantastic beast tetep dapat tempat duduk di atas dan ditengah ya karena sendiri. Kalo bedua ya tinggal pasrahğŸ˜‚
1064191375967571968,rennydesavi,2018-11-18 16:19:30,"Movies rate:
Bohemian Rhapsody...8.5
Fantastic Beast: The Crimes...7"
1064185381027897344,ineedspacexx,2018-11-18 15:55:41,senin jadiin nonton fantastic beast ah.. me time ğŸ˜Œ
1064175334990348289,briandrie,2018-11-18 15:15:45,Masih penasaran ending dengan film fantastic beast
1064164577900814338,squilliams,2018-11-18 14:33:01,Ngantuk bgt nonton fantastic beast btw huhu
1064152126144663553,linamei_,2018-11-18 13:43:32,Jadi Indonesia udh ada ya pada jaman fantastic beast ? Oh gitu yaa
1064145524553445377,Moch_Jamil,2018-11-18 13:17:18,"Beres nonton fantastic beast, kata Aurelius terdengar ga asing di otak..
Aurelius........ Aurita"
1064141287652155392,Lalicessa,2018-11-18 13:00:28,Aahshshsnsjjsus gilss emang fantastic beast number 1 bgt
1064137774314311682,AndrePangestu18,2018-11-18 12:46:30,Fantastic beast yg kedua seru ga?
1064135904355368961,johndbro1,2018-11-18 12:39:04,"The rare Fantastic Beast sighting was nice, they were very fun to look at and Newt's affection for them seemed both genuine and heartfelt."
1064134853761785856,kening_lebar,2018-11-18 12:34:54,Abis nonton Fantastic Beast. Agak kecewa. Gak dijelasin guru-guru di Hogwarts itu statusnya PNS apa masih honorer. Apaan gak jelas...
1064133664940806144,biskuittape,2018-11-18 12:30:11,"Fantastic beast uda minta di tonton aja tu, gada yang ngajak apa"
1064132279105019904,WiLdhaan7,2018-11-18 12:24:40,Pengen banget nnton the fantastic beast ora ada temennya hmm
1064131926984806400,anisanisas,2018-11-18 12:23:16,Baru nonton fantastic beast dan lebih ngeship Newt sama Leta ğŸ˜Ÿ
1064127389171470337,mndfbryn,2018-11-18 12:05:14,"Ketika ingin menonton Fantastic Beast, terhalang oleh waktu~"
1064125978299949056,susanchrysan,2018-11-18 11:59:38,Fantastic Beast: The Crimes of Grindelwald. ğŸ˜´ğŸ˜´ğŸ˜´
1064125045918715904,sipietz,2018-11-18 11:55:56,Baru ngeh astrid leong aka gemma chan maen di fantastic beast yg pertama
1064124860652089345,fnrizka,2018-11-18 11:55:11,Fantastic Beast And Where To Find Them in HBO...
1064120089572605953,qieta,2018-11-18 11:36:14,"Suzzana sudah sejuta penonton aja, fantastic beast saja ku belum menonton."
1064112977568092160,objekilusi,2018-11-18 11:07:58,[W/N] Ga sabar lanjutan yang ketiganya Fantastic Beast.
1064105612315811841,ratukis,2018-11-18 10:38:42,Gatau knp perasaan fantastic beast yg kedua kurangkurang gmn gt ya. Apa grgr expectnya ketinggian..
1064097551555547136,Georgiavalerie_,2018-11-18 10:06:40,just watched Fantastic beast and i am soooo thriillleeeddddd.  10/10 recomended!!!!
1064096736283508737,a_maskur,2018-11-18 10:03:26,Even though fantastic beast 2 has so many plot holes but that final fight scene was FIREEEE!! I hope I could join that battle
1064092557624324096,liuruna_,2018-11-18 09:46:50,Plot twist terbaik 2018 menang fantastic beast
1064083229446090759,megalomaniAZ,2018-11-18 09:09:46,"Fantastic Beast plotnya lumayan dark, like WB try to create another DCEU ğŸ˜‚ğŸ˜‚ğŸ˜‚"
1064068611596214273,kuuusuma,2018-11-18 08:11:41,Am I the only one here who hasn't watched Fantastic Beast? Someone help me
1064060669203406848,RNDNuriyanti,2018-11-18 07:40:07,Beberapa menit dalam bioskop nonton fantastic beast aku tertidur. Bangun2 si salamander dah nemuin si tina. Yapokoknya gitulah
1064054122435895299,nitabluez,2018-11-18 07:14:06,belum nonton Fantastic Beast. takut ga diterima di pergaulan :(
1064050486091767808,Widyarenee,2018-11-18 06:59:39,"Di jaman serba susah dan penindasan di rezim Jokowi gini, lobby bioskop penuh sesak.
Full nonton 2 studio ACMA, Suzzanna, Fantastic beast. ğŸ˜"
1064031913491390464,metrick01,2018-11-18 05:45:51,Dont like fantastic beast 2... but ill give it a second chance.. will watch it once more
1064023309489123329,Mustika1703,2018-11-18 05:11:40,Woah fantastic beast bakal d bikin 5 series woah woah woah
1064009880422379520,ayy_0510,2018-11-18 04:18:18,Sudah q duga... Nonton fantastic beast mesti jejeran cah tarnus
1063996312905965570,dhittaa,2018-11-18 03:24:23,"Pgn nntn fantastic beast 2 lg:"")"
1063968224910336000,nelarealino,2018-11-18 01:32:47,Arghhgg wanna watch fantastic beast againnnnnn aaaaaaaa â¤ï¸ğŸ˜â¤ï¸ğŸ˜â¤ï¸ğŸ˜â¤ï¸ğŸ˜â¤ï¸ğŸ˜ğŸ˜â¤ï¸ğŸ˜
1063966991612964865,renataalvn,2018-11-18 01:27:53,Lg pengen bgt beli dvd nya the greatest show sama fantastic beast tp adanya blu ray doangğŸ˜“ udah lah mahal kalo kaga bs di play begimana??
1063961322021249025,akanwisuda,2018-11-18 01:05:21,"sedih dan mengecewakan gegara tyda bisa nonton fantastic beast the crimes of grindelwald. hmmmm
syalanih :("
1063949625701232640,jabunnajib,2018-11-18 00:18:52,Nonton fantastic beast bener2 bikin drop jaw dah :0
1063934881887997952,hauramedinaa,2018-11-17 23:20:17,Yang gw sayangin dr fantastic beast ke 2 ini adalah pas lagi seru2nya eh abis
1063934175294582784,hauramedinaa,2018-11-17 23:17:28,Parah yang suka harry potter kudu bgt nonton fantastic beast
1063917643344809985,objekilusi,2018-11-17 22:11:47,"Demi apapun. Gue nungguin Fantastic Beast, tapi ga ada temen nontonnya ğŸ˜© []"
1063905852321484800,Faizalchariz,2018-11-17 21:24:56,"Fantastic Beast   , Fantastic bet,"
1063872651049848832,rizkarrrr,2018-11-17 19:13:00,Btw fantastic beast yg kedua rada kampret sih.. bikin kepo argh ğŸ˜£
1063855102891446272,finachristina,2018-11-17 18:03:16,"Abis nonton fantastic beast trus pusing aku pusing. Knp knp kok begitu, bagaimana bisa begitu?

Dan sambil meneteskan air mata"
1063843749954936833,azmiazzami_,2018-11-17 17:18:09,Ada yang sudah nonton fantastic beast 2?
1063839185486794752,anisaasj,2018-11-17 17:00:01,Man. Fantastic Beast was awesome.
1063838014189690880,sachizhaa,2018-11-17 16:55:22,oke gais jd siapa yg udh ntn fantastic beast?
1063834726983589888,yutiselia,2018-11-17 16:42:18,"Fantastic beast keren tcuy, giliran yg pertama mah blm nonton ğŸ¤£"
1063831888022781952,reeewhy,2018-11-17 16:31:01,"Aaaaaakkkkk Fantastic Beast kereeennnn, walaupun banyak teka-teki tapi dapet poinnya. Ga sabar kelanjutannya ğŸ˜"
1063825865295839232,roismaruf,2018-11-17 16:07:05,"Fantastic Beast : The Crimes of Grindelwald, rating pribadi 9,5/10"
1063823354979803136,tanitanit,2018-11-17 15:57:07,Agak gimana gitu Indonesia disebut dalam film Fantastic Beast The Crimes of Grindlewald. Meski cuma sepenggal mah... ğŸ˜‚
1063821776570875904,tressaoktvn,2018-11-17 15:50:51,Best partnya sih ya bagian si Newt beserta para 'Fantastic Beast' nya. Sayangnya cuma seuprit bagian itu.
1063819237892874241,rizqirich_,2018-11-17 15:40:45,"Nyari tone photo yg mirip"" dengan warna film di fantastic beast ko syusyah~"
1063818486164537344,lathif_adhy,2018-11-17 15:37:46,"Pemeran Nagini di fantastic beast 2 ternyata pernah main di Avengers 2, pantesan kayak gak asing gitu. Wkwk"
1063815431008346112,firalaisia,2018-11-17 15:25:38,"Menurutku Fantastic Beast bagus bagus aja ah, recommended. Gak kecewa nonton ğŸ‘"
1063814253180665857,greyliness,2018-11-17 15:20:57,"Fantastic Beast 2 keren bangeeeeetttt.. Serah deh apa kata kritikus film yang kek udah jago banget bikin cerita.

Epiccc!!!"
1063812292347756544,tibbunny,2018-11-17 15:13:09,AKU MAU NONTON FANTASTIC BEAST HUHU
1063810506627067904,sisirkotor,2018-11-17 15:06:04,"Masih ga bisa move on dari Tina Fantastic Beast, woman crush banget siğŸ˜­"
1063809330275729414,bouwplank,2018-11-17 15:01:23,"sebisa mungkin tidak memiliki ekspektasi yang tinggi pada film fantastic beast dan susana.

nonton mah nonton ajaaa"
1063805515610771457,NitaHabibah1,2018-11-17 14:46:14,gantung banget film fantastic the beast. harus banget berlanjut
1063799883310616577,AkiraJeffta,2018-11-17 14:23:51,Pingin nonton fantastic beast tpi kok blm bisa terus kzl dah
1063799715416858627,priskarinta,2018-11-17 14:23:11,"Ketika semua org amaze dgn fantastic beast. 
Bapake: halah mau mau aja dibodoh bodohi cerita"
1063796166138068992,nikenmawar,2018-11-17 14:09:05,Oiya btw kalian harus nonton Fantastic beast agar kalian tahu kalau jadi bucin itu sungguhla tida baique ğŸ˜¹
1063791482224619521,nikenmawar,2018-11-17 13:50:28,"Akhirnya nonton Fantastic Beast ğŸ˜„ 
One thing im statisfied about was : Jhonny depp ganteng bat rambutnya putih wkwk"
1063789164166959104,Oppaenthusiast,2018-11-17 13:41:15,Abis seneng sama destiny moments eh dikecewakan sama ending fantastic beast. Hm
1063783637772947457,karolinafebb,2018-11-17 13:19:18,Fantastic Beast sukses bikin penasaraaan! Apa harus nunggu 2 taun lagi sampai keluar sekuelnya :(
1063778783994494978,honjabenue,2018-11-17 13:00:00,Fantastic beast: the crimes of grindelwald ngegantung bgt:(
1063778237757698049,ucjmsd,2018-11-17 12:57:50,"Baru nonton fantastic beast and WTF 'em, dan kok b aja sih, si retic kaya yg jadi pajangan doang yaelah..."
1063777157493583873,inespuspitasa,2018-11-17 12:53:33,Setelah rewatch fantastic beast 1 akhirnya semakin paham~
1063775058869477377,vansapr,2018-11-17 12:45:12,Kok aku kurang suka ya fantastic beast yg ke 2 ini. Menurutku 6.5/10
1063774781449789440,afifahnursheha,2018-11-17 12:44:06,Oke kusudah nonton fantastic beast 2. Hmmmm
1063774592622223360,wulansvante,2018-11-17 12:43:21,Iâ€™m ready for another Fantastic Beast series ğŸ’ªğŸ»
1063772713561419776,SWENDYSR5,2018-11-17 12:35:53,Yg ngomongin fantastic beast aku mute.ğŸ˜¤
1063772001699946496,SWENDYSR5,2018-11-17 12:33:03,ssssttt dooongg ey aku belum nonton fantastic beast neeeh!!!ğŸ˜£ğŸ˜£
1063771792697831424,irenesunda,2018-11-17 12:32:13,"Setelah fantastic beast, lalu along with the gods last 49 day."
1063765526952894465,alifpap,2018-11-17 12:07:20,"Fantastic beast ties into the Harry Potter lore, and I think that's why I really enjoyed it"
1063765302238896128,pratamaadityab,2018-11-17 12:06:26,Fantastic beast 7.5/10
1063763315564769281,annisaip,2018-11-17 11:58:32,Penasaran bgt sih fantastic beast yg kedua iniii. Tapi mari kita tonton yg pertama dulu~
1063750240619028480,wazyirnurs,2018-11-17 11:06:35,Fantastic Beast yu
1063748580106616832,minhyukveins,2018-11-17 10:59:59,aku ketiduran pas nonton fantastic beast. kayaknya efek overtime seminggu jd cape
1063743531821424640,saskirsalina,2018-11-17 10:39:56,temenin nonton fantastic beast ğŸ˜«ğŸ˜«
1063739172739928064,BriandDon99,2018-11-17 10:22:36,"Habis nonton The Fantastic Beast 2.
Kesimpulannya: Kapan ini The Fantastic beast 3 rilis? 
Nggantun sekali endingnya.. ğŸ˜… ""~"
1063736498426568704,renataalvn,2018-11-17 10:11:59,Abis nonton Fantastic Beast....walopun agaknya gue merasa kurang vaham karena ceritanya kaya loncat2....tapi aku hepi yorobunnn
1063722968470085632,samyangchiseu,2018-11-17 09:18:13,Bm nonton fantastic beast hhhh tapi gamau sendirian
1063720957368446976,gulfpie,2018-11-17 09:10:13,"The new fantastic beast movie makes me want to read harry potter books all over again, incase i might find clues or correlation somewhere."
1063709269801885696,Titinkomalasari,2018-11-17 08:23:47,Keren banget film fantastic beast yg kedua. Ga nyesel nontonnya
1063705652168552448,JOOHYUNRxG,2018-11-17 08:09:24,//; sedih banget sih gue mau nonton fantastic beast sendirian...
1063704932199542786,zeeazura,2018-11-17 08:06:33,Kirain I doang yang pusing setelah nonton fantastic beast 2 ini ternyata semua juga begitu.  ğŸ˜‚
1063700705628700672,akmalgalih_,2018-11-17 07:49:45,need potterhead to accompany me watch Fantastic Beast
1063684227382661120,ahmadadrian_17,2018-11-17 06:44:16,Fantastic beast kuy
1063675232517406720,aiashanasreen,2018-11-17 06:08:32,"pulang ngajar tadinya mau ngemall dulu nonton fantastic beast 2, tapi dompetnya malah ketinggalan :')"
1063674121437892609,Yupina_DO,2018-11-17 06:04:07,"Nonton dulu lah, fantastic beast"
1063671090008940544,thegreatitan,2018-11-17 05:52:04,Aku jadinya nonton fantastic beast besok deeeeh.
1063667974396030976,anggitaLw,2018-11-17 05:39:41,Fantastic beast yg kedua katanya bagus ... kuy gak nih
1063665140904550400,GabeDhiar,2018-11-17 05:28:26,fantastic beast sounds great rn
1063652224394383360,praminantywulan,2018-11-17 04:37:06,"Agak agak nyesel nonton fantastic beast btw. Dr awal film sampe akhir,ga mudheng jalan ceritanyağŸ˜‚ğŸ˜«"
1063625451757862914,mustofaaMU,2018-11-17 02:50:43,Fantastic beast ga seru soalnya gaada belle nya
1063623789240446976,niel_alkathiri,2018-11-17 02:44:07,Nonton yuk fantastic beast :3
1063618771292577792,Ridwansaputra99,2018-11-17 02:24:10,"Oke, karena semalam abis nonton fantastic beast jadi mau ngasih impressinya setelah nonton ."
1063607182262824960,angelinaaaaasr,2018-11-17 01:38:07,Pgn nonton bohemian rapsody ituuu sm fantastic beast â˜¹â˜¹â˜¹â˜¹â˜¹
1063601624524812288,sondehalfmoon_,2018-11-17 01:16:02,"Tdnya mau nntn fantastic beast ternyata kalo ga ngikut harry potters katanya bakal boring, jd yaaaaaa"
1063585416945651712,faniapryn,2018-11-17 00:11:38,kemaren kan udah nonton nih fantastic beast ;))))) gak ada yang mau ngajak nonton itu lagi gitu ?:))))))
1063574013224509440,fannymitchie,2018-11-16 23:26:19,"sampe skrg gw belom punya buku harpot 1-7, cursed child, fantastic beast. ğŸ˜­ğŸ˜­ semoga suatu saat kesampean.. pengen bgt yg box set nya ğŸ˜¢"
1063505292720099328,fin_ramadhan,2018-11-16 18:53:15,"Judulnya ""Fantastic Beast: The Crimes Of Grindelwald"".

Tapi filmnya ga terlalu menggambarkan ""crimes""-nya itu sendiri."
1063483459237142528,HaniiNR,2018-11-16 17:26:29,OK SO fantastic beast is.............. amaXXXing get ur ass ready and prepared for the biggest fan service ever
1063479783047147520,jodisetiawan_,2018-11-16 17:11:53,Dulu pas baca Harry potter bayangan Cho Chang tuh ya kaya si Nagini di Fantastic Beast
1063477653833805826,Reefours,2018-11-16 17:03:25,kurang suka sama fantastic beast yg skrng dah.-.
1063474977662365696,IrfnMaulana,2018-11-16 16:52:47,"Wa gila si fantastic beast mulai keliatan serunya di film kedua ini, yg ketiga gabisa dikeluarin bulan depan aja apa ni ?"
1063474198637498368,commaditya,2018-11-16 16:49:42,"Fantastic Beast II
2,5/5

Third act yang aneh dan lemas."
1063471258782773248,mamski_,2018-11-16 16:38:01,"Telat banget baru nonton Bohemian Rhapsody. Besok nonton apa ya? Ahok, hanum atau fantastic beast?"
1063460088445202433,kureha_alpha,2018-11-16 15:53:37,I CHECKED CGV SCHEDULE AND SAW FANTASTIC BEAST 2 ON PLAYING JNFADASDAFJDA ITS NOV 16TH ALREADY I CRIED
1063454452802338816,megalstr,2018-11-16 15:31:14,Abis nonton fantastic beast pas dibioskop masih bingung kan whats going on pas sampe rumah jd sedih kasian amat dumbledore hidupnya ya:(
1063452939438759940,mmuqiit,2018-11-16 15:25:13,Pengen nonton Fantastic Beast : The Crime of Grindelwald tapi sama siapa coba:(
1063442792742076417,Arinitriw,2018-11-16 14:44:54,"Yaa, fantastic beast membuktikan bahwa hogwarts bukan hanya tentang griffindor dan slytherin aja."
1063442116393779201,FreddieWJ,2018-11-16 14:42:13,Watching new Fantastic Beast movie feels like reading a novel and stopping at the middle of the book.
1063440064624160770,vinotm,2018-11-16 14:34:03,"IMHO, kalo belum nonton Fantastic Beast yang pertama atau belum baca bukunya, mungkin agak sulit mengikuti Fantastic Beast 2"
1063438003996188673,chikanirmalaa,2018-11-16 14:25:52,Abis nonton fantastic beast. Suka si. Tapi aga kecewa karna akhirnya menurut gue kurang greget :'))) i need more newt scamander
1063436573210025989,mauracitrar,2018-11-16 14:20:11,"tolong bet ya w pen bgt nonton fantastic beast huhuuu
but ada saja kendala...."
1063435922161590272,fasanegeri,2018-11-16 14:17:36,INI GIMANA INI GUA GABISA TENANG ABIS NONTOM FANTASTIC BEAST
1063435324892692480,auliamedicaa,2018-11-16 14:15:13,Aku mau share first impression fantastic beast the crimes of grindlewald....
1063432564633784322,auliamedicaa,2018-11-16 14:04:15,"Yawlaaaaah fantastic beast penuh dengan plot twist, puyeng w nontonnyağŸ˜‚ğŸ¤£"
1063429745176543232,indntrzh,2018-11-16 13:53:03,What a week! Nonton Fantastic Beast aja sampe ketiduran. Untung Kumoy pengertian ğŸ˜† Cheers for 2more weeks till holidayyyyyyyyğŸ¥‚
1063428203123945472,marvinoio,2018-11-16 13:46:55,"Berhati-hati scroll timlin, takut ada yg nyepoiler fantastic beast ğŸ™ˆ"
1063425836991209472,abheliaPS,2018-11-16 13:37:31,"Ending fantastic beast ini membuatku calangap, rido teu ridoğŸ˜­ğŸ˜­ ets kalem kalem... Baru 2 nih masih ada 3 film huft"
1063422743859802112,satiyaluna,2018-11-16 13:25:14,nonton fantastic beast di bioskop atau nunggu di internet aja yağŸ˜…
1063415906301206528,alcxhlf,2018-11-16 12:58:04,"MAU NGAKAK WOI ASLI SALAH FANTASTIC BEAST ğŸ˜‚ maklum sih belom mandi, masih tepar cape masih ngasoy di sofa wkwkwk."
1063402983264665600,25raps,2018-11-16 12:06:42,Sadis dah fantastic beast ğŸ‘
1063402168672182272,prisclydia,2018-11-16 12:03:28,jadwal malem ini adalah nnton fantastic beast pertama biar besok bisa nonton yang kedua
1063396334999195649,annisa_rianti,2018-11-16 11:40:17,"""Fantastic Beast complicated""
Gih, nonton Crazy Rich Asian 10x
Atau kalo galau sirik Suzanna juga cukup."
1063396102135721984,noctaehyung,2018-11-16 11:39:22,Baru kemaren liat ezra miller di fantastic beast anjir langsung doyan bangsul
1063395455193636865,ladysisma,2018-11-16 11:36:48,Di XXI gancit ga ada standing poster fantastic beast. Untung aku udah foto di GI.
1063395416161447937,ninaisna,2018-11-16 11:36:38,Paan neh fantastic beast
1063395296846086144,ghifaripahlavi,2018-11-16 11:36:10,Pengen nonton Fantastic Beast 2 krn penasaran segimana kecewanya pasca nonton itu
1063392372443119616,princehendra09,2018-11-16 11:24:33,Fantastic Beast 2 ....lumayan bagus ... mungkin yg blm liat yg pertama akan bingung ttg jalan ceritanya. Gw kasih review 8 **
1063385305930063872,faadhlu,2018-11-16 10:56:28,Fantastic Beast nanggung banget:(
1063384991353102337,dinokurniawann,2018-11-16 10:55:13,besok mau nonton film fantastic beast ah tp kayaknya sendirian deh -_-
1063378024375013387,yhnmiranda,2018-11-16 10:27:32,"I'm a fan of Harry Potter, but I'm not really into Fantastic Beast tho"
1063365207274094597,fnrizka,2018-11-16 09:36:36,"Abis nonton Fantastic Beast, gue masih gak fokus buat balik kerja karena laper ahhahahaha bangkek..."
1063330449219448832,bijikayam,2018-11-16 07:18:29,"fantastic beast gantung anjir :"""
1063327334734778368,defptr,2018-11-16 07:06:06,"PENGEN NNTN FANTASTIC BEAST :"""""""
1063322347543773185,liuruna_,2018-11-16 06:46:17,Kalo habis nonton fantastic beast aku makin gawaras gimana
1063313567590473728,williamsudhana,2018-11-16 06:11:24,"Lagi kudet nih sama line up di Cinema.. Either A Man Called Ahok dulu atau Fantastic Beast dulu?

Yg uda nntn, mohon saran nya plssss..."
1063306213973082113,bobbyinaja,2018-11-16 05:42:11,"Ya, aku mau mengobati hatiku dengan nonton fantastic beast"
1063305225706995714,alfian266,2018-11-16 05:38:15,"Hadeeeh knp pada disapointed gini respon org2 sm Fantastic Beast, jd makin penasaran buat nonton."
1063305155989331969,lathif_adhy,2018-11-16 05:37:59,Fantastic beast film apaan sih ?
1063288357784969216,yongki_rettob,2018-11-16 04:31:14,Ku mau nonton fantastic beast tapi ndak punya temen yang bisa diajak ğŸ¤·ğŸ¾â€â™‚ï¸
1063280521663328256,cacamaricaaa_,2018-11-16 04:00:05,Nonton fantastic beast yuuu mumpung b1g1
1063268975990104064,Fitriananur_,2018-11-16 03:14:13,"Udah mah kebagian nonton fantastic beast seat didpn, pas mau masuk cinema nya antri panjang pula"
1063268064337096704,Fitriananur_,2018-11-16 03:10:35,Day 2 fantastic beast tayang bertepatan dgn tayang nya burn the stage di cgv
1063263919878266880,sakatoniqabc,2018-11-16 02:54:07,Fantastic beast katanya mengecewakan bgt ya?
1063258459049586688,haneul9796_,2018-11-16 02:32:25,W nonton fantastic beast di xxi ae lah
1063256305622638593,karinaming,2018-11-16 02:23:52,"Masih gondok banget sama endingnya fantastic beast, kek lagi ngeden di wc mo eek udah mo keluar eh malah bersin. 
Masuk lagi deh."
1063251799237246976,yuuisabella,2018-11-16 02:05:57,karena liat review fantastic beast jadi mengurungkan diri ntn. bye
1063250091329212416,piokachu,2018-11-16 01:59:10,Ingin nonton fantastic beast tp ga ada temen biar buy 1 get 1 :(
1063236975010942977,prameswari_ayyu,2018-11-16 01:07:03,Pengen banget nonton fantastic beast. Gatau tulisannya gimana pokoknya itu oey.
1063235823120801792,aigiantara,2018-11-16 01:02:28,"Nonton fantastic beast SENDIRI ketiduran, Pas bangun film beres, pinter."
1063196358016811008,abrarkadabra,2018-11-15 22:25:39,"Fantastic Beast 2 gantung, cuma sampai konser live aid 1985"
1063120352904007680,Yogipri,2018-11-15 17:23:38,"Lg memproses film Fantastic Beast, ini film apa2an dah ğŸ˜­"
1063118933786427392,malcaziza,2018-11-15 17:18:00,Nungguin Fantastic Beast cuma untuk Nagini. Lalu ternyata cerita asal usulnya Nagini gak dibahas dalem...
1063115280786776065,DewiA_P,2018-11-15 17:03:29,"""LAH KOK UDAHAN SI?"". - review fantastic beast 2"
1063113073832017921,danikaws,2018-11-15 16:54:43,fantastic beast ğŸ¤˜ğŸ¾ hepi bisa melihat hogwarts lagi setelah sekian lama
1063112271751110656,luthfirama_,2018-11-15 16:51:31,Melihat review sana sini membuat agak sedikit ragu untuk menonton kelanjutan fantastic beast ini
1063111226870251522,oktavianirmala,2018-11-15 16:47:22,Funfact abis nonton Fantastic Beast ngepoin mantra2 yg ada di pottermore dan kegunaannya
1063110124003192832,18O41995,2018-11-15 16:42:59,Oiya tadi abis nonton fantastic beast 2. Terus pulangnya beli dum d*um. Fyi
1063104716786155520,pennoy15,2018-11-15 16:21:30,"Fantastic beast keren parah, tapi gantung banget ã…œ.ã…œ Kudu nunggu 2 tahunan lagi keknya buat sekuel"
1063104450141708288,anastasiararas,2018-11-15 16:20:27,Fantastic Beast cukup mengecewakan
1063104070574006272,Didimsadrian,2018-11-15 16:18:56,Fantastic beast 2? Mingdep deh mumpung diskon 25rebu
1063099811925118976,irvanahh,2018-11-15 16:02:01,Fantastic beast
1063097018577342464,laveniahapsari,2018-11-15 15:50:55,Baru nonton fantastic beast dan menyesal karna gantung ğŸ˜­
1063096311262568449,AIESTHETlC,2018-11-15 15:48:06,SUMPAAH SIAPAPUN JELASIN TEORI FANTASTIC BEAST KE AKU
1063094808145649664,arindaFR,2018-11-15 15:42:08,Gimana nih pendapat lain buat yg udh nonton fantastic beast 2?? Apakah kalian puas atau merasa kecewa?
1063090669701361664,renataalvn,2018-11-15 15:25:41,Bisa bisanya ada manusia di muka bumi ini yg nge snapgram in film fantastic beast.....ANDA MANUSIA APA BUKAN HAH??
1063086827454648320,DN_06,2018-11-15 15:10:25,"Seperti nya fantastic beast nonton sendiri saja, karna kalo kuciwa tuh suka nga enak ke partner nonton gt lho. Overthinking ya, map map"
1063086160161849344,fauziriza,2018-11-15 15:07:46,Sepertinya banyak yg kecewa dengan fantastic beast
1063085147573018624,K7zan,2018-11-15 15:03:45,"Ada yang mau diajak nonton fantastic beast ? 

Sedih amat dah :(("
1063078792741023744,me_rasti,2018-11-15 14:38:29,"Wow, ezra miller. Wow! ğŸ‘ğŸ‘ 
From Credence into Aurelius Dumbledore. See you in Fantastic Beast 3, ganteng."
1063077393189896192,indahkusumadani,2018-11-15 14:32:56,"yang udah nonton fantastic beast di cgv info dong, ada merch kaya tempat popcorn / tempat minum ga kaya pas star wars? ğŸ¤”"
1063075844216614913,diahayuse,2018-11-15 14:26:46,Lagian kenapa sih burn the stage the movie ini kudu tayang barengan fantastic beast. Kenapa sih kenapaaaaaaaa???
1063074319369027585,ioriyouta,2018-11-15 14:20:43,Oke. Bakal ada sequel selanjutnya dari Fantastic Beast. Di Jerman mungkin? Tp ini kenapa nanggung bgt endingnya kzl bat
1063071592924635136,Intanfkm,2018-11-15 14:09:53,baru nonton fantastic beast tetoba ada jarkoman kantor nobar dan dibayarin ğŸ‘ğŸ˜­
1063065725193965568,satayobagus,2018-11-15 13:46:34,Ya Allah kenapa sih Fantastic Beast why oh why oh why
1063065535695343616,azzamadityap,2018-11-15 13:45:49,Marathon fantastic beast
1063065418271678464,azzamadityap,2018-11-15 13:45:21,Karena belum sempet nontom fantastic beast ke 1 jadi tadi sebelum nonton marathon dulu di kantor wkakw
1063061219844644865,nontrianon,2018-11-15 13:28:40,"nah kan kalo yang emang suka Harry Potter pasti bilang Fantastic Beast yg kedua ini bagus, wkwk"
1063060393688358918,Yona_JKT48,2018-11-15 13:25:23,setelah sekian lama akhirnya nonton bioskop lagi haha tadi nonton Fantastic Beast ğŸ˜³
1063059204397707270,amanda_stevi,2018-11-15 13:20:39,AKU MAUK LAH KALO DIAJAK NONTON FANTASTIC BEAST LAGI ABIS INI AHAHAHAHAHA
1063058668222959616,oviolvb,2018-11-15 13:18:31,Fantastic beast 1 Lebih keren dari yg ke 2. â­â­
1063055552010276866,amanda_stevi,2018-11-15 13:06:08,FANTASTIC BEAST: CRIMES OF GRINDELWALD KEREN MAMPUS GILAK
1063055358350901248,irhamrizqi,2018-11-15 13:05:22,Fantastic beast ending ğŸ‘
1063054280402198529,helogengz,2018-11-15 13:01:05,"Fantastic beast, i'm coming:"")"
1063052056968065025,inisihfree,2018-11-15 12:52:15,Ini gua nonton fantastic beast sama sapa
1063048337564217347,godchangbean,2018-11-15 12:37:28,tapi udah booking fantastic beast. yaudala
1063047816153509888,jabunnajib,2018-11-15 12:35:24,Meh nonton fantastic beast kebak kabeh bioskop e     -_-
1063046537754767361,ffgahara,2018-11-15 12:30:19,nonton fantastic beast &lt; nontonin nagini
1063045876422082561,anugrudha,2018-11-15 12:27:42,Nobody wants to watch new Fantastic Beast movie with me? I am keen on discussing story after watching movie (esp. for multi-movies) ğŸ˜‚
1063045540311515137,azzamadityap,2018-11-15 12:26:21,Fantastic Beast 2 seru anjay
1063040465056874496,devihaliniar,2018-11-15 12:06:11,Fantastic beast udah keluar nih hihi
1063038748558974976,knightmandala,2018-11-15 11:59:22,"cgv depok rame banget ada pens betes, gw kira nonton suzzana atau fantastic beast kaya gw ğŸ˜‚ğŸ˜‚ğŸ˜‚"
1063036547702841345,Arumkarima,2018-11-15 11:50:37,"Ekspetasi : liat fantastic beast yg 4d
Realita : udah pake tix id buy 1 get 1"
1063033757257453568,dewimedinaw,2018-11-15 11:39:32,Fantastic beast ada yg review bagus banget ada yang bilang jele banget.. Tapi aku tetep harus nonton..
1063032943017308160,wiwigaga_,2018-11-15 11:36:18,"Ya Allah, mau nonton Fantastic Beast lagi :'((((("
1063030847052214275,firaaaMD,2018-11-15 11:27:58,"Tunggu deh ntar lanjut, nonton fantastic beast dulu wkwk"
1063026324959162369,ramadhika99,2018-11-15 11:10:00,"Mau nonton fantastic beast tpi lagi jauh bioskopnya, yaudah nunggu aja di lk21 hahaaa"
1063025047391023104,dell_yan,2018-11-15 11:04:56,â€˜Fantastic Beast: The Crimes of Grindelwaldâ€™ pas scene Hogwarts itu ... â¤ï¸
1063024029903216641,KeyongbaIap,2018-11-15 11:00:53,Fantastic beast ahh
1063022798694625280,alfanarn,2018-11-15 10:55:59,"WOOOOOOOOOAAAAAAH!! FANTASTIC BEAST SO GADAYUUUUUUUUM!!!!.

Sepanjang film gak bisa gak exciting gue."
1063019764375683072,npsbayu,2018-11-15 10:43:56,"hanum Rais aja belom nonton, eh fantastic beast tayang.

berat bgt idup."
1063007274363318272,zunarzuna,2018-11-15 09:54:18,Jadi pengen nonton Fantastic Beast yg pertama.
1062989969352871936,kevinchoc,2018-11-15 08:45:32,Apaan nih Fantastic Beast nggak ada Harry Potter-nya!!!!
1062989134107570176,maudhymaw,2018-11-15 08:42:13,"Nurutkan si feby nak nnton fantastic beast semalam. Sekalinya hari ini udah ade di layar kaca 21.
Okedehhhh~~~~"
1062988894101155840,ellasugiar,2018-11-15 08:41:16,Fantastic beast ğŸ˜ğŸ˜ğŸ˜
1062986375304175616,Tyayao,2018-11-15 08:31:15,Sekalinya ada yang ngajak pada mintain film yang sama... apakah ku harus nonton fantastic beast 2 kali :(
1062985383820947457,carinapeggy,2018-11-15 08:27:19,fantastic beast the crimes of grindelwald  10/10 ğŸ¤Ÿ
1062982349141340160,marutmanullang,2018-11-15 08:15:15,gela2 animasi fantastic beast ni ga pernah ga bikin pangling ya._.
1062981480534560768,nabillaazlikaa,2018-11-15 08:11:48,"Fantastic beast 2 tuh keren sih sinematografinya, cuma ceritanya yagitu deh~"
1062971740425318400,SarahKrtka,2018-11-15 07:33:06,"Fantastic beast udah keluar aja, saya masih blm nonton bohemian #sad"
1062971737401286657,adriansusanto,2018-11-15 07:33:05,"Could be a 3, but I don't like where the story is heading, and at this point, just drop the ""Fantastic Beast"" title."
1062965103711072257,KRSNMAHENDRA,2018-11-15 07:06:44,"Suzana / Fantastic Beast 2 ? 
Gak semuanya kayanya .Lol"
1062957924215967744,santimuhrianti,2018-11-15 06:38:12,Sedih aku tuh belum nonton Fantastic Beast: The Crimes of Grindelwald.
1062952626499739648,inespuspitasa,2018-11-15 06:17:09,"Fantastic beast yuk:(
Pengin bohemian tp emohlah wqwq"
1062952215780814848,diyasprdn,2018-11-15 06:15:31,Temen-temen aing pada sibuk. Diajak nonton Fantastic Beast pada kaga bisa. :(
1062951144400465920,FarhanGetek,2018-11-15 06:11:16,"nonton jaman kakeknya harry potter mba 1 !!!
.
.
.
.
.
.
.
Fantastic beast mas"
1062948189307777024,annisa_rianti,2018-11-15 05:59:31,Gue ngebela Fantastic Beast bkn karena filmnya bagus bgt. Tapi banyak bgt org sok kritis ttg film ini padahal ini kan film fiksi yawlaaa
1062943774324645888,jordanpriyoga,2018-11-15 05:41:58,Now watching fantastic beast 2
1062943139470569473,faisholj,2018-11-15 05:39:27,"Things that I regret this month.
Didn't participate in Borobudur Marathon, and Expect too much for Fantastic Beast."
1062941205476990976,pradnyathamitha,2018-11-15 05:31:46,"ngeskip a head full of dreams movie dong demi fantastic beast ğŸ˜­ 
mana cuma sehari doang lagi tayangnya huhuhuhu"
1062940779465732097,superhimee,2018-11-15 05:30:04,"Gausah nonton fantastic beast, nonton drama korea aja di viu gratis cuma modal kuota"
1062931044528095232,aadepanca,2018-11-15 04:51:23,Akhirnya film fantastic beast sudah keluarâœ¨
1062930778424635392,ichaprima,2018-11-15 04:50:20,Terkesel itu adalah belum nonton Fantastic Beast dan terpapar review yg ga bagus. :(
1062930174100987904,farhanalv,2018-11-15 04:47:56,Yg lain ke Jogja aku nonton fantastic beast sama ahok saja
1062927088770928640,vivisav_,2018-11-15 04:35:40,nonton lagi harpot gegara fantastic beast 2 da rilis. dan baru kali ini ngerti apa yg diomongin dgn logat britishnya yg endessssh bgtğŸ¤£
1062925829426958336,morphzyy,2018-11-15 04:30:40,Fantastic beast the crimes of grindelwald keknya bagus nih untuk di tonton hmm
1062919553796124672,xcatpoohx,2018-11-15 04:05:44,PESAN MORAL FANTASTIC BEAST YAUDAH LU KAKAK ADEK GAUSAH REBUTAN CEWEK UJUNG UJUNGNYA GADA YG DAPET KAN
1062913225895796736,channiesbabo,2018-11-15 03:40:35,Just talked with a muggle friend about fantastic beast ğŸ¤“
1062912698814361608,channiesbabo,2018-11-15 03:38:30,"Looking for friend to spoil Fantastic beast 2 story ğŸ˜‚ğŸ˜‚ğŸ˜‚

I stiillll in BIG AWE WITH THAT MOVIE"
1062908824976158720,sitamanda,2018-11-15 03:23:06,What the? Kemarin Fantastic Beast udah rilis *headpalm*
1062904391328354304,jojoreha,2018-11-15 03:05:29,Masa mesti skip nonton Fantastic Beast 2?
1062892533640978432,kerispi,2018-11-15 02:18:22,temenin fantastic beast anyone? yu? :(
1062873945987342337,Danz_fm,2018-11-15 01:04:30,"Next
Fantastic Beast
""Crime of Grindewald"""
1062873531648663552,ifaikfa,2018-11-15 01:02:51,Pengen nonton coldplay sama fantastic beast tapi gapunya temen gaes :(
1062867421415956480,fragilebuster,2018-11-15 00:38:35,"Fantastic Beast 2 nih ğŸ¤¤ğŸ¤¤ğŸ¤¤ğŸ¤¤
Gaskeun gaskeun euy, masalahnya gak ada teman menghabiskan popcorn :("
1062862238392889345,mintbluelove,2018-11-15 00:17:59,fantastic beast udahhh tayanggggg wiwwwww
1062858299933024256,shimmerskyy,2018-11-15 00:02:20,mau nonton fantastic beast tp nga tau sama siapa:(
1062854321178431488,jetcoleed,2018-11-14 23:46:31,"fantastic beast bagus, lebih bagus dari peringkat dan formasi penempatan"
1062841191916400640,arasilagil,2018-11-14 22:54:21,"Sekuel fantastic beast cocoknya bejudul ""Fantastic Beast: Bayi yg ditukar""

#CrimesOfGrindelwald #FantasticBeasts"
1062829641444950016,mulgugee,2018-11-14 22:08:27,Mau nonton fantastic beast pls gue kudu bgt nonton :( mau menebus dosa gak ngikutin harry potter wkwk
1062820613272698880,krawark,2018-11-14 21:32:35,Super late but I just watched Fantastic Beast 1 recently and surprisingly among all charas Credence fascinated me the most
1062797946125672448,shfrzfr,2018-11-14 20:02:30,Ga tertarik nonton fantastic beast karena q geli bgt sm ular hiiii njz
1062793137637154816,handansn_,2018-11-14 19:43:24,Dimana mana fantastic beast cobaaa
1062791144633905152,joeveenyo,2018-11-14 19:35:29,I LOVE FANTASTIC BEAST AND THE CRIME OF GRINDELWALD
1062776388896284672,vikanovikas,2018-11-14 18:36:51,Fantastic Beast mesti nonton dari awal yah kayanya.....
1062771248357289984,dennyrrachman,2018-11-14 18:16:25,Fantastic beast penuh kejutan
1062769647634673664,andmadan,2018-11-14 18:10:03,"Pokoknya fantastic beast bagus, nonton sendiri aja berasa nonton bedua."
1062768407420973056,rayhan_parady,2018-11-14 18:05:08,Nonton Fantastic Beast atau Ralph Breaks The Internet ya?
1062765548973387776,neni_def,2018-11-14 17:53:46,Hadehhh worth it sih nntn Fantastic Beast cuma gw butuh kelanjutannya ğŸ˜­
1062763799667560448,faradinayu,2018-11-14 17:46:49,only Fantastic Beast makes me wanna watch at imax
1062762849917796352,poppyangelika,2018-11-14 17:43:03,Gak puas sama Fantastic Beast: Crimes Of Grindelwald.
1062754746576957440,despicableofme,2018-11-14 17:10:51,"Fantastic beast is awesome
But I need more crimes tho

Yang butuh spoiler, dm aja wkwk"
1062754451205672960,annisa_rianti,2018-11-14 17:09:40,Unprotect tweet for the sake of defending Fantastic Beast.
1062753330303123456,AdityaSandoyo,2018-11-14 17:05:13,what to do tomorrow: nonton fantastic beast. i need a rest...
1062752860058804224,dtphv_,2018-11-14 17:03:21,"fantastic beast overrated 
7/10"
1062751540245553152,shintarii,2018-11-14 16:58:06,Baru kelar nonton fantastic beast 2 udah kebelet nonton yg ke-3. Why oh why pinter bgt bikin endingnya ğŸ˜«
1062749914210361344,Noviyanti_PN,2018-11-14 16:51:39,Mon maap oot nih. Utk fantastic beast 2 ini intinya: PASTI BAKAL ADA LANJUTANNYA LAGI!!!ğŸ˜…ğŸ˜…ğŸ¤¸ğŸ»â€â™€ï¸ğŸ¤¸ğŸ»â€â™€ï¸ğŸ˜‚
1062749634848677888,BenDhanio,2018-11-14 16:50:32,Fantastic beast bikin pusing... Gak ngerti
1062746799587225600,peteruuss,2018-11-14 16:39:16,Kangen sama hogwarts terobati setelah nonton fantastic beast. Pas scene hogwarts nya keluar gue yang heboh tepuk tangan.
1062745549407809537,gandrasta,2018-11-14 16:34:18,Fantastic Beast's diversity is there. From gay relationship to Yusuf Kama to Indonesian Nagini to that HOT CALLUM TURNER!
1062744481118642183,awanpamungkas,2018-11-14 16:30:03,BESOK FANTASTIC BEAST ENAK SI
1062740176777097216,fvhrers,2018-11-14 16:12:57,"Kalo siang sukanya fantastic beast,  kalo malem ya mending fantastic breast aja sih.  eh."
1062739613423267840,Sigitlincah,2018-11-14 16:10:43,Cliffhanger of the year. Nonton fantastic beast kepotong di bagian klimaks. Wkwkwkwk
1062738322462625792,jakasekatekate,2018-11-14 16:05:35,"Keren dah fantastic beast kepala dan hati w serasa diuwek2 , gak monoton!!"
1062736150157176833,megaalviannn,2018-11-14 15:56:57,YAAMPONNNN FANTASTIC BEAST BENTAR LAGIIIII ğŸ’«ğŸ’«ğŸ’«
1062735793574166531,GilGumelar,2018-11-14 15:55:32,"Fantastic Beast udh keluar ya, liat review2 nya pada kurang puas keliatannya."
1062735267193225216,Achmdtvn,2018-11-14 15:53:27,"Syittt fantastic beast udh main dan gua gatau, berdosa banget ğŸ˜­ğŸ˜­ğŸ˜­ğŸ˜­ğŸ˜­, kenapa bisa kepikiran tuh pilem maen tgl 16 sih ğŸ˜­ğŸ˜­ğŸ˜­ğŸ˜­ğŸ˜­ğŸ˜­ğŸ˜­ğŸ˜­ğŸ˜­ğŸ˜­ğŸ˜­ğŸ˜­ğŸ˜­ğŸ˜­ğŸ˜­ğŸ˜­ğŸ˜­"
1062732272221093888,ARimbaKelana,2018-11-14 15:41:32,Fantastic beast adalah keniscayaan
1062728147693580288,chandatamaop,2018-11-14 15:25:09,matilin aul dengan besok cabut kelas buat fantastic beast
1062725849009405953,Ahmad_Faisal29,2018-11-14 15:16:01,Fantastic beast yang kedua ini keren dan mantap wajib nonton lahh
1062723495186980865,SUPERARIN25,2018-11-14 15:06:40,"Fantastic Beast 2 nih gue kira nyeritain beast2 yg ada didalem ceritanya, ternyata tidaaaaaağŸ˜Œ"
1062723228878000128,ernestprakasa,2018-11-14 15:05:36,Kecewa berat sama film Fantastic Beast yg pertama tapi kok kayaknya ga afdhol kalo ga nonton yg kedua :/
1062723167804776449,mikballl,2018-11-14 15:05:22,"Fantastic beast enak nih, tapi sama siapa yaa ğŸ¤¤"
1062719836545904641,amindayoka,2018-11-14 14:52:08,fantastic beast is now released... anyone want to watch it?
1062717487349817349,ilhaamps,2018-11-14 14:42:47,Tadi tuh nonton fantastic beast 2 wangi-wanginya battle akhirnya lebih kece dibanding voldemort vs potter.
1062717003440386054,Gilangfathur,2018-11-14 14:40:52,"jadi itu gmn tuh fantastic beast ? 

*Nasib lg di perantauan ngebet pgn nonton, tapi pgn nonton sm bebeb*"
1062716118098337792,adesuramadhan,2018-11-14 14:37:21,tiket fantastic beast cepat sekali habisnya
1062715336988872707,satuminggu,2018-11-14 14:34:15,Puas bgt nonton fantastic beast ğŸŒš
1062710469784330241,Luhurb28,2018-11-14 14:14:54,"Abis nonton fantastic beast,banyak sekali twist nggak dimengerti dan beda dinovel.termasuk nagini,nagini......."
1062710280117841920,axdellia,2018-11-14 14:14:09,Aku nonton fantastic beast malem minggu aja soallnya rame hehe enak
1062709332507127808,AnisyaaBAK,2018-11-14 14:10:23,Fantastic Beast is so FantasticğŸ˜ğŸ˜ğŸ˜
1062708764925521927,neni_def,2018-11-14 14:08:08,When you want to watch Fantastic Beast and end up getting space in the front because there is no chair in the back left ğŸ˜‚ğŸ˜‚ğŸ˜‚ğŸ˜‚
1062706263983714304,syarakw,2018-11-14 13:58:12,Fantastic Beast pasti ada lanjutannya huft
1062703055861207041,lailaflh,2018-11-14 13:45:27,Sumpah fantastic beast plot twist nyaaaaaa...
1062698150467489794,ozoranico,2018-11-14 13:25:57,abis nonton Fantastic Beast. gua ga paham dong ğŸ˜­
1062697814201839617,shineesunn,2018-11-14 13:24:37,"Gara gara nonton fantastic beast crime grindelwald, belajar jadi nggk fokus, makan jadi gupuh saking senengnya nonton itu film ğŸ˜ğŸ˜ğŸ™ˆğŸ™ˆ"
1062690266715348992,obeuliviate,2018-11-14 12:54:38,Jangan ada yang bahas fantastic beast. I beg.
1062685076490616833,lahsiapagua,2018-11-14 12:34:00,FANTASTIC BEAST GANTUNG BANGET WOYYYY -lada tukang spoiler
1062681733605220352,UbaySyakhisk,2018-11-14 12:20:43,fantastic beast and the crimes of grindelwald (hah gmn gatau cara nulisnya) is ğŸ’¯ğŸ’¯
1062680626568937473,HaniOct,2018-11-14 12:16:19,"Wooow Fantastic BeastÂ udah ada Hari ini?? Ntar yak w mikir keras dl nonton ma sapeh.

Ujung2nya nonton di indoxxi -_- #nasibsingle"
1062680185835708416,archie_finn,2018-11-14 12:14:34,Jumat sore nonton fantastic beast seru si kayanya
1062677350666534912,raihashirou,2018-11-14 12:03:18,Jadi siapa yg mau nonton Fantastic Beast tapi belom ada temen nya?
1062670289488666629,mustofaaMU,2018-11-14 11:35:15,&lt;- Nyari temen nonton yg ngerti fantastic beast
1062669772356120577,tubagusramadhan,2018-11-14 11:33:11,"Kamunya fantastic, akunya beast :("
1062666282162544640,meryshachandra,2018-11-14 11:19:19,Fantastic beast ngeselin! Udah gt ajaa
1062663302164099073,elfaaaan,2018-11-14 11:07:29,Nggantung nih fantastic beast
1062661808568193025,banartama,2018-11-14 11:01:33,Pengen nonton fantastic beast....
1062660201910689792,savhaps,2018-11-14 10:55:10,Fantastic Beast 10/10 ğŸ‘ğŸ½ğŸ‘ğŸ½ plot twist nya amat sangat luar biasa. Dan saya ngga sabar buat nunggu yang ke 3
1062659598107070464,wiiiiiiiik,2018-11-14 10:52:46,Fantastic beast keren..
1062658575200186368,pratiwizp,2018-11-14 10:48:42,Se shook itu saya nonton fantastic beast huhu masi kepikiran
1062657380456878083,aitakata04,2018-11-14 10:43:57,Harus seht biar sabtu bs nntn fantastic beast :))
1062650325872439297,rifkass,2018-11-14 10:15:55,"Quest2 hogwart's mystery lagi tentang magical creature semua, dalam rangka menyambut Fantastic Beast 2 kali ya"
1062648456320245760,AnnsRzky,2018-11-14 10:08:29,besok fantastic beast kali ya siang2 hmhmhmhmhm
1062645287523504128,Anuggrah_P,2018-11-14 09:55:54,"Fantastic beast 2 rilis tgl 16. Tgl 17 diajak kecirebon, fix nontonya di cirebon ğŸ˜‚"
1062642947831689216,akbarsuryak,2018-11-14 09:46:36,Fantastic beast kuy :( siapapun ayooo agendakan
1062639423429337090,wirahmaan,2018-11-14 09:32:36,Nonton fantastic beast kaya nnton pacific rim yg ke 2
1062633733402972160,salmaintaaan,2018-11-14 09:09:59,BUKANNYA TAYANG TGL 16/11? INI KAN BARU TANGGAL 14 KENAPA FANTASTIC BEAST CRIME OF GRINDELWALD UDAH TAYANG? ğŸ˜‚ğŸ˜‚ğŸ˜‚ğŸ˜‚
1062631022490075136,AdrianNanditya,2018-11-14 08:59:13,Fantastic beast memenuhi bioskop dan dipenuhi orang-orang
1062630388160376833,minachunsyania,2018-11-14 08:56:41,Omg i caaantttt i caaannttt hari ini fantastic beast release bangeett laah tak ada bioskop dijepara ğŸ˜­ğŸ’”
1062630242999627777,mbooo_ndt,2018-11-14 08:56:07,Kuylah fantastic beast
1062630176381534208,SVTfever06,2018-11-14 08:55:51,fantastic beast...wajib nonton lebih dr 1xğŸ‘ğŸ¼
1062622369745854464,denynug,2018-11-14 08:24:50,Cabut nonton Fantastic Beast.
1062622225268858880,okta_cwan,2018-11-14 08:24:15,Kayanya bakal banyak lanjutannya ini fantastic beast..
1062619205118226433,fajrulannas,2018-11-14 08:12:15,"Baru sadar saya sekarang sudah tanggal 14, hmmm...,
Fantastic Beast bisa lah buat di tonton, wikwikwik"
1062614457526833152,dsy_95,2018-11-14 07:53:23,"Mau nonton fantastic beast tp nunggu mas pulang ğŸ˜”ğŸ˜”ğŸ˜”ğŸ˜”

Sabar...sabaaaar...."
